dataset,depth,group,method,accuracy,balanced_accuracy,precision_macro,recall_macro,f1_macro,f1_weighted,mcc,cohen_kappa,nll,minimum_class_recall,training_seconds,microseconds_per_row,mean_exit_layer,median_exit_layer,p95_exit_layer,macs_saved_pct,measured_speedup_vs_plain_ann,interpretation
credit,,Classical ML / tree,LogisticRegression,0.7804715302491103,0.7205572277267515,0.6930326254306307,0.7205572277267515,0.7036593220672884,0.7877534215446347,0.4126729490809706,0.4091765555483363,0.5563200531703669,0.6130653266331658,0.45999460000166437,0.23645019631146624,,,,,,Full model; no adaptive exit
credit,,Classical ML / tree,HistGradientBoosting,0.7551156583629893,0.7290952046723191,0.6797880891618726,0.7290952046723191,0.6918640042323992,0.7696787539875581,0.4058994411633717,0.3920521758951766,0.5368997911582434,0.6824120603015076,4.653942499993718,7.636352538753499,,,,,,Full model; no adaptive exit
credit,,Classical ML / tree,RandomForest,0.8136120996441281,0.6943569604664281,0.7292023468610851,0.6943569604664281,0.708233087166849,0.8059680262001804,0.42212354337417607,0.418197001952187,0.4383186610821542,0.48040201005025124,5.539605300000403,33.61547851454816,,,,,,Full model; no adaptive exit
credit,,Classical ML / tree,ExtraTrees,0.792482206405694,0.7153202459024629,0.702542354574078,0.7153202459024629,0.7083278431733572,0.7956532403825646,0.41766718613055687,0.4169913812800936,0.49911214156392175,0.5768844221105528,5.852389199993922,30.104150390286577,,,,,,Full model; no adaptive exit
credit,6,Plain ANN,Plain feedforward ANN,0.8182829181494662,0.7149812185750231,0.7361582027800904,0.7149812185750231,0.7243020189079492,0.8140224507171842,0.45064211170351676,0.44918947644965135,0.4452172815799713,0.5296482412060302,18.481536100000085,16.063525391629696,,,,,,No adaptive stopping
credit,6,Same-network control,"Multi-exit ANN, full depth",0.7540035587188612,0.7291005154306236,0.6792257323857217,0.7291005154306236,0.691167980189342,0.7688139169718742,0.40526883752886717,0.3909782631859611,0.5634614654151169,0.6844221105527638,22.796492400004354,,6.0,,,,,No adaptive stopping
credit,6,Proposed,TAC-Net generalized value gate,0.7657918149466192,0.7276773757390207,0.6851934096417613,0.7276773757390207,0.6979307216202791,0.7777335840678662,0.4106791911524015,0.4012338840027623,0.5584164261817932,0.6592964824120603,,31.60571289129166,4.891681494661921,6.0,6.0,19.576827697549536,0.5082475262266807,Dynamic per-row stopping
credit,6,Literature rule adapted to same ANN,Max-softmax (DyCE/MLCSD/HyperGCN family),0.7795818505338078,0.7318559377866194,0.6960196080525237,0.7318559377866194,0.7085990861380158,0.7887625866228535,0.4263721850664439,0.42032095914086154,0.5355817583689104,0.6462311557788945,,,1.0,,,88.31769749968163,,Exit rule adapted; original vision/sequence backbone not reproduced
credit,6,Literature rule adapted to same ANN,Entropy (BranchyNet family),0.7795818505338078,0.7318559377866194,0.6960196080525237,0.7318559377866194,0.7085990861380158,0.7887625866228535,0.4263721850664439,0.42032095914086154,0.5355817583689104,0.6462311557788945,,,1.0,,,88.31769749968163,,Exit rule adapted; original vision/sequence backbone not reproduced
credit,6,Literature rule adapted to same ANN,Top-1/Top-2 margin (ToEx),0.7795818505338078,0.7318559377866194,0.6960196080525237,0.7318559377866194,0.7085990861380158,0.7887625866228535,0.4263721850664439,0.42032095914086154,0.5355817583689104,0.6462311557788945,,,1.0,,,88.31769749968163,,Exit rule adapted; original vision/sequence backbone not reproduced
credit,6,Literature rule adapted to same ANN,Conformal singleton ablation,0.7826957295373665,0.7320568853981417,0.6984504851470661,0.7320568853981417,0.7106894851315951,0.7911387265408074,0.42919366951984916,0.42400303800071026,0.5481515505736675,0.6412060301507537,,,1.842526690391459,,,73.43569402420147,,Exit rule adapted; original vision/sequence backbone not reproduced
credit,6,Literature rule adapted to same ANN,Cross-layer agreement,0.7546708185053381,0.7284498757713158,0.6792816514555128,0.7284498757713158,0.691304265820469,0.7692603684362186,0.40475607964841365,0.39094782017473184,0.5503236345201156,0.6814070351758794,,,2.0831850533807827,,,69.18481552354953,,Exit rule adapted; original vision/sequence backbone not reproduced
credit,8,Plain ANN,Plain feedforward ANN,0.8031583629893239,0.70706818870129,0.7134674413181386,0.70706818870129,0.710132152364348,0.8016608857079638,0.42048693877668003,0.4203352911114465,0.48422470688819885,0.5346733668341709,13.017209699995874,20.51999511820668,,,,,,No adaptive stopping
credit,8,Same-network control,"Multi-exit ANN, full depth",0.7762455516014235,0.732591262510783,0.6938684878420417,0.732591262510783,0.7068080529617795,0.7863374732501468,0.42469808734317066,0.4174349019010811,0.5451572027745929,0.6542713567839196,35.833577099998365,,8.0,,,,,No adaptive stopping
credit,8,Proposed,TAC-Net generalized value gate,0.7800266903914591,0.7321415704629977,0.696445506840796,0.7321415704629977,0.7090181874103267,0.7891385424174036,0.4270979675363578,0.42111336770296304,0.5347908139228821,0.6462311557788945,,31.19421386621468,3.1294483985765122,1.0,8.0,63.572775850946186,0.6578141448350824,Dynamic per-row stopping
credit,8,Literature rule adapted to same ANN,Max-softmax (DyCE/MLCSD/HyperGCN family),0.7951512455516014,0.7274652324748565,0.708078784721201,0.7274652324748565,0.716418496143127,0.799704384711146,0.43511234935218096,0.4335650790280907,0.5178742649016915,0.6060301507537689,,,1.0,,,91.36735782176353,,Exit rule adapted; original vision/sequence backbone not reproduced
credit,8,Literature rule adapted to same ANN,Entropy (BranchyNet family),0.7951512455516014,0.7274652324748565,0.708078784721201,0.7274652324748565,0.716418496143127,0.799704384711146,0.43511234935218096,0.4335650790280907,0.5178742649016915,0.6060301507537689,,,1.0,,,91.36735782176353,,Exit rule adapted; original vision/sequence backbone not reproduced
credit,8,Literature rule adapted to same ANN,Top-1/Top-2 margin (ToEx),0.7951512455516014,0.7274652324748565,0.708078784721201,0.7274652324748565,0.716418496143127,0.799704384711146,0.43511234935218096,0.4335650790280907,0.5178742649016915,0.6060301507537689,,,1.0,,,91.36735782176353,,Exit rule adapted; original vision/sequence backbone not reproduced
credit,8,Literature rule adapted to same ANN,Conformal singleton ablation,0.7851423487544484,0.7321890802197218,0.7004323958107985,0.7321890802197218,0.7123250324626034,0.7929970902112169,0.4314543481275605,0.4269100267679925,0.5293859938396289,0.6371859296482412,,,2.1966192170818504,,,75.74850979554697,,Exit rule adapted; original vision/sequence backbone not reproduced
credit,8,Literature rule adapted to same ANN,Cross-layer agreement,0.7800266903914591,0.7317818742383726,0.6963259774099331,0.7317818742383726,0.7088488449699774,0.7890880175413824,0.42663709639812,0.4207353962670013,0.5361724665133479,0.6452261306532663,,,2.0653914590747333,,,77.46135744154469,,Exit rule adapted; original vision/sequence backbone not reproduced
credit,12,Plain ANN,Plain feedforward ANN,0.8156138790035588,0.7107495489443791,0.7319113300741591,0.7107495489443791,0.7200318758808664,0.8112113581136288,0.4421547611785722,0.4406788715806862,0.44402679800987244,0.5226130653266332,32.76098910000292,23.458496094974635,,,,,,No adaptive stopping
credit,12,Same-network control,"Multi-exit ANN, full depth",0.75,0.72652982134322,0.6761239650883671,0.72652982134322,0.6875522291571194,0.7654099971831188,0.3994863218971449,0.38446712203193045,0.5923212128577949,0.6844221105527638,36.185471299999335,,12.0,,,,,No adaptive stopping
credit,12,Proposed,TAC-Net generalized value gate,0.7646797153024911,0.7298408638450751,0.6853760834256568,0.7298408638450751,0.6982113088281907,0.7771543546218385,0.4128292584145153,0.4023684801025609,0.5914918780326843,0.6673366834170854,,53.681249999826264,6.398576512455516,4.0,12.0,48.03396972914411,0.4369960851330876,Dynamic per-row stopping
credit,12,Literature rule adapted to same ANN,Max-softmax (DyCE/MLCSD/HyperGCN family),0.7546708185053381,0.725572305974316,0.6780399428662578,0.725572305974316,0.690041637688668,0.768931421968539,0.40080359513296404,0.3879337583039092,0.5918526557228889,0.6733668341708543,,,2.392571174377224,,,82.38672659031052,,Exit rule adapted; original vision/sequence backbone not reproduced
credit,12,Literature rule adapted to same ANN,Entropy (BranchyNet family),0.7546708185053381,0.725572305974316,0.6780399428662578,0.725572305974316,0.690041637688668,0.768931421968539,0.40080359513296404,0.3879337583039092,0.5918526557228889,0.6733668341708543,,,2.392571174377224,,,82.38672659031052,,Exit rule adapted; original vision/sequence backbone not reproduced
credit,12,Literature rule adapted to same ANN,Top-1/Top-2 margin (ToEx),0.7546708185053381,0.725572305974316,0.6780399428662578,0.725572305974316,0.690041637688668,0.768931421968539,0.40080359513296404,0.3879337583039092,0.5918526557228889,0.6733668341708543,,,2.392571174377224,,,82.38672659031052,,Exit rule adapted; original vision/sequence backbone not reproduced
credit,12,Literature rule adapted to same ANN,Conformal singleton ablation,0.7646797153024911,0.7266035978234503,0.6840939308222084,0.7266035978234503,0.6967436186186187,0.7767473114239685,0.40849160119529404,0.39896222741285414,0.5921876455166165,0.6582914572864321,,,2.7975978647686834,,,78.91349521813883,,Exit rule adapted; original vision/sequence backbone not reproduced
credit,12,Literature rule adapted to same ANN,Cross-layer agreement,0.7206405693950177,0.7217062174626345,0.6624452205847555,0.7217062174626345,0.6673164441461585,0.7415554762981816,0.3795529760164155,0.35361379158460415,0.6053675630147713,0.7197943444730077,,,2.1281138790035588,,,84.65453114907609,,Exit rule adapted; original vision/sequence backbone not reproduced
diabetes,,Classical ML / tree,LogisticRegression,0.7284113034783981,0.7504615728280518,0.6319033204443884,0.7504615728280518,0.6323921755025791,0.7679875564939669,0.36352008527587043,0.30644090774312827,0.5212481007634208,0.7199095299223669,1.4585888000001432,0.22382812581156486,,,,,,Full model; no adaptive exit
diabetes,,Classical ML / tree,HistGradientBoosting,0.7199915802767984,0.7528642854507214,0.6309756725473494,0.7528642854507214,0.6277370362325296,0.761486620964786,0.3639729102563166,0.30199938884627686,0.508537815277679,0.7073170731707317,9.483864300003916,21.566259764682627,,,,,,Full model; no adaptive exit
diabetes,,Classical ML / tree,RandomForest,0.835183918328685,0.6737510680135637,0.6624043169578162,0.6737510680135637,0.6676990853195807,0.8379647798359149,0.3359638285377394,0.33558430370698566,0.3653248176166634,0.45007564296520425,46.1735389999958,35.600585936990115,,,,,,Full model; no adaptive exit
diabetes,,Classical ML / tree,ExtraTrees,0.796689996316371,0.6875411934877598,0.6338141102868382,0.6875411934877598,0.6499531480116266,0.8135241541886958,0.31683218238491084,0.3064940150799157,0.4095622019060394,0.5363086232980333,79.75889079999615,41.34497070396037,,,,,,Full model; no adaptive exit
diabetes,6,Plain ANN,Plain feedforward ANN,0.8262642740619902,0.7022608629891766,0.662583058567012,0.7022608629891766,0.6779248389365383,0.8356789080828628,0.3626799676474215,0.3580574654374502,0.3510907292366028,0.530446293494705,66.1097202000019,14.908398437540882,,,,,,No adaptive stopping
diabetes,6,Same-network control,"Multi-exit ANN, full depth",0.7149923696258486,0.7564609560874993,0.6314378409869764,0.7564609560874993,0.62566277025177,0.7576411668278218,0.3671984442537668,0.3012467975699198,0.5239607538304984,0.6990036065774191,152.478598099995,,6.0,,,,,No adaptive stopping
diabetes,6,Proposed,TAC-Net generalized value gate,0.7413566279008578,0.753778975084292,0.6366390313981861,0.753778975084292,0.6420010230366148,0.7781175069755911,0.37243046784462774,0.3197731091913092,0.5205308794975281,0.7365670273244086,,32.277075195707994,2.67399884228806,1.0,6.0,60.47406955315439,0.4618881465295625,Dynamic per-row stopping
diabetes,6,Literature rule adapted to same ANN,Max-softmax (DyCE/MLCSD/HyperGCN family),0.734594537704573,0.7534979669479221,0.6346934917205989,0.7534979669479221,0.6374541617379557,0.7728966724259195,0.3695647510912728,0.3139469067862227,0.5070411836914689,0.7273060700531817,,,1.000026311635005,,,90.91059872093837,,Exit rule adapted; original vision/sequence backbone not reproduced
diabetes,6,Literature rule adapted to same ANN,Entropy (BranchyNet family),0.734594537704573,0.7534979669479221,0.6346934917205989,0.7534979669479221,0.6374541617379557,0.7728966724259195,0.3695647510912728,0.3139469067862227,0.5070379701829987,0.7273060700531817,,,1.0,,,90.9110771247542,,Exit rule adapted; original vision/sequence backbone not reproduced
diabetes,6,Literature rule adapted to same ANN,Top-1/Top-2 margin (ToEx),0.734594537704573,0.7534979669479221,0.6346934917205989,0.7534979669479221,0.6374541617379557,0.7728966724259195,0.3695647510912728,0.3139469067862227,0.5070411836914689,0.7273060700531817,,,1.000026311635005,,,90.91059872093837,,Exit rule adapted; original vision/sequence backbone not reproduced
diabetes,6,Literature rule adapted to same ANN,Conformal singleton ablation,0.7346734726095879,0.753543813271047,0.6347326471234972,0.753543813271047,0.6375215218121335,0.7729595178669301,0.36965188555609363,0.31404993320169716,0.5167161463790041,0.7273977626994315,,,1.6417934010419408,,,79.24185124869777,,Exit rule adapted; original vision/sequence backbone not reproduced
diabetes,6,Literature rule adapted to same ANN,Cross-layer agreement,0.7213597852970584,0.7565127326082447,0.6327828461870413,0.7565127326082447,0.6298137434644093,0.7626765967696771,0.3691096894904721,0.3060670113096634,0.5240738580321388,0.7078061006173971,,,2.0534652423301583,,,71.75674514600922,,Exit rule adapted; original vision/sequence backbone not reproduced
unsw,,Classical ML / tree,LogisticRegression,0.6208521595491425,0.5489751846699625,0.3982729491627247,0.5489751846699625,0.35227664443823914,0.6852449516019694,0.5495604148155392,0.528080532088369,1.036376121833924,0.13573000733675716,104.66659190000064,0.7113769537880898,,,,,,Full model; no adaptive exit
unsw,,Classical ML / tree,HistGradientBoosting,0.6759461691687315,0.651933767038096,0.5033202632649044,0.651933767038096,0.4975236798243376,0.7316234458426388,0.6162319467279075,0.5929720646343639,0.7712246030529761,0.20088626292466766,107.65419539999857,147.7754882817095,,,,,,Full model; no adaptive exit
unsw,,Classical ML / tree,RandomForest,0.7085094495457416,0.5500655975569534,0.49646521277604794,0.5500655975569534,0.4783086498396045,0.7545751270846773,0.6424552001382281,0.6261065650334423,0.6729328219801357,0.03249630723781388,42.998677699994005,32.5051269527421,,,,,,Full model; no adaptive exit
unsw,,Classical ML / tree,ExtraTrees,0.651557110236603,0.6097433698911658,0.44599608384711686,0.6097433698911658,0.4060462287637131,0.7127722544532132,0.5902332132769166,0.5652540394743262,0.9189549893977339,0.0206794682422452,72.5727246000024,35.81267089813878,,,,,,Full model; no adaptive exit
unsw,6,Plain ANN,Plain feedforward ANN,0.6777802069669144,0.5486978378739076,0.4129339658636647,0.5486978378739076,0.4205255231771371,0.7174780301095988,0.6197648118953664,0.5951562730571252,0.6912842988967896,0.0,127.00683740000386,15.663867188209224,,,,,,No adaptive stopping
unsw,6,Same-network control,"Multi-exit ANN, full depth",0.688517222950979,0.5115873907462282,0.5093309007112728,0.5115873907462282,0.45106136968678207,0.7293214599230362,0.6331622871697892,0.6074507088879417,0.6831887997162573,0.0,158.72964420000062,,6.0,,,,,No adaptive stopping
unsw,6,Proposed,TAC-Net generalized value gate,0.6892581256376622,0.5132755838548895,0.5069233748489539,0.5132755838548895,0.45098071314493976,0.7292536675839315,0.6335605654397575,0.6082881314579791,0.699091911315918,0.0,,34.93896484307868,2.9833236165767865,1.0,6.0,46.78234388651915,0.4483208720853731,Dynamic per-row stopping
unsw,6,Literature rule adapted to same ANN,Max-softmax (DyCE/MLCSD/HyperGCN family),0.6879220716124957,0.510490994219117,0.4950625656146944,0.510490994219117,0.4479136121993455,0.7280657585493715,0.6321086540412704,0.6067666020611453,0.7202189448547178,0.0,,,2.624107272992275,,,52.35303837916439,,Exit rule adapted; original vision/sequence backbone not reproduced
unsw,6,Literature rule adapted to same ANN,Entropy (BranchyNet family),0.6890516445610455,0.5116977603520432,0.481253516958532,0.5116977603520432,0.4481771716138834,0.729223739395393,0.6333960063734312,0.608033788147986,0.7154597191726902,0.0,,,2.532150318223777,,,53.779098497636646,,Exit rule adapted; original vision/sequence backbone not reproduced
unsw,6,Literature rule adapted to same ANN,Top-1/Top-2 margin (ToEx),0.6879463635038624,0.5096060632216649,0.4951043014307023,0.5096060632216649,0.4475967044208814,0.7281132918425625,0.6320314036243904,0.6067555278892696,0.7191311672442099,0.0,,,2.5829932468542003,,,52.99063096944686,,Exit rule adapted; original vision/sequence backbone not reproduced
unsw,6,Literature rule adapted to same ANN,Conformal singleton ablation,0.6863673905650294,0.5073035147615709,0.493924690255197,0.5073035147615709,0.4569754388487148,0.7269883591283707,0.6300579964848242,0.6044268758881579,0.7187182767237126,0.0,,,2.262813972695914,,,57.9559421282168,,Exit rule adapted; original vision/sequence backbone not reproduced
unsw,6,Literature rule adapted to same ANN,Cross-layer agreement,0.6954647038818442,0.5070351766556274,0.4858148347653385,0.5070351766556274,0.4545566555591919,0.728487055442459,0.6363538799811406,0.6123260447389167,0.6779674866617027,0.0,,,2.1086211922460283,,,60.34714978955682,,Exit rule adapted; original vision/sequence backbone not reproduced
