dataset,variant,headline_metric,headline_mean,headline_std,delta_vs_full_mean,accuracy_mean,balanced_accuracy_mean,macro_precision_mean,macro_recall_mean,macro_f1_mean,weighted_f1_mean,mcc_mean,kappa_mean,nll_mean,minimum_class_recall_mean,macs_saved_pct_mean,macs_saved_pct_std,mean_layer_mean,prevented_spoil_share_mean,premature_harm_share_mean
"credit","final_logistic","balanced_accuracy",0.7296201563850865,0.003733436822252341,0.0012923323654356518,0.7807680901542112,0.7296201563850865,0.696477571833349,0.7296201563850865,0.7082622323285586,0.7892967688808611,0.42475473535675806,0.41934369837493585,0.5390325510451334,0.63785594639866,57.73258740025896,4.666739436609303,2.731539145907473,0.010972716488730725,0.0014086595492289443
"credit","next_flip_hgb","balanced_accuracy",0.7296201563850865,0.003733436822252341,0.0012923323654356518,0.7807680901542112,0.7296201563850865,0.696477571833349,0.7296201563850865,0.7082622323285586,0.7892967688808611,0.42475473535675806,0.41934369837493585,0.5390488501664205,0.63785594639866,57.729968251460036,4.658745722995294,2.7316874258600237,0.010972716488730725,0.0014086595492289443
"credit","next_flip_hgb_stable","balanced_accuracy",0.7286346040399083,0.002322613745887724,0.00030678002025741336,0.7762455516014235,0.7286346040399083,0.6929931144134933,0.7286346040399083,0.7049472125816113,0.7857395968313128,0.4200457499324517,0.4134696223834892,0.5373284137384137,0.6432160804020101,44.75339552719632,3.3509598441711854,3.4663404507710553,0.003410438908659549,0.0002224199288256228
"credit","any_future_hgb","balanced_accuracy",0.7296201563850865,0.003733436822252341,0.0012923323654356518,0.7807680901542112,0.7296201563850865,0.696477571833349,0.7296201563850865,0.7082622323285586,0.7892967688808611,0.42475473535675806,0.41934369837493585,0.5390529068174553,0.63785594639866,57.73389697465842,4.66554751082826,2.7314650059311982,0.010972716488730725,0.0014086595492289443
"credit","correctness_delta_hgb","balanced_accuracy",0.7296201563850865,0.003733436822252341,0.0012923323654356518,0.7807680901542112,0.7296201563850865,0.696477571833349,0.7296201563850865,0.7082622323285586,0.7892967688808611,0.42475473535675806,0.41934369837493585,0.5390651924509143,0.63785594639866,57.72603952826165,4.672017298897819,2.731909845788849,0.010972716488730725,0.0014086595492289443
"diabetes","final_logistic","balanced_accuracy",0.7526245594275469,0.00145850819962537,-0.002366684456488947,0.7400059639706011,0.7526245594275469,0.6358322995067018,0.7526245594275469,0.6407149133340652,0.7770200583436911,0.37047936140988114,0.31769461690184897,0.5074519348130638,0.7351406972716344,45.66380369020768,24.48169358288275,3.4885456682278235,0.024241786384605935,0.004665929940886527
"diabetes","next_flip_hgb","balanced_accuracy",0.752144789485614,0.0010113564694596642,-0.0028464543984218307,0.7399533407005912,0.752144789485614,0.6356240158117925,0.752144789485614,0.6405131723022315,0.7769586372680877,0.36984339072984257,0.31723791315944555,0.5078330336836908,0.7352527660614951,43.95191536918076,27.444042276230025,3.582697468820713,0.02445227946464593,0.004815029205914856
"diabetes","next_flip_hgb_stable","balanced_accuracy",0.7544894678611341,0.0011262358907850986,-0.0005017760229017268,0.7286130260134365,0.7544894678611341,0.633628248219563,0.7544894678611341,0.6338755202602236,0.7682823450162782,0.36881717865098823,0.3100234081444054,0.5120860273596143,0.7186360209466756,46.25303772338834,1.4911873031784277,3.4561385044466664,0.007823326141486432,0.001850584995351611
"diabetes","any_future_hgb","balanced_accuracy",0.75254647463893,0.0013613973481479149,-0.002444769245105838,0.7372783244750828,0.75254647463893,0.6350606876756425,0.75254647463893,0.6388923486493625,0.7749156888536022,0.3693673098185503,0.31537258530760603,0.5086298104909165,0.7313914868471993,42.54365400327589,29.88138347063455,3.6601501517304285,0.02140890034906769,0.004166008875791541
"diabetes","correctness_delta_hgb","balanced_accuracy",0.7528357654002417,0.0017467814768276373,-0.002155478483794234,0.7341823220894946,0.7528357654002417,0.6344281876816383,0.7528357654002417,0.6369677331859903,0.7725164002415518,0.36870505298046313,0.3131678010113143,0.5101060709050422,0.7269902398272103,39.85996806433206,34.52687839711464,3.8077496535634725,0.017769124173376134,0.003473135820659896
"unsw","final_logistic","f1_macro",0.45523443482289466,0.00930133742222395,-0.005278761102843033,0.6894808013085232,0.5233088095769375,0.47340787449721083,0.5233088095769375,0.45523443482289466,0.7297070369601713,0.6318122978650562,0.6080503407018466,0.6638979128530381,0,46.43532525072484,0.4896236215487078,3.0057004971740433,0.0009352378176164796,0.0006882702553887513
"unsw","next_flip_hgb","f1_macro",0.45572278401826666,0.008531800380525485,-0.004790411907470982,0.6895496283340621,0.5234892449087128,0.47255186286789924,0.5234892449087128,0.45572278401826666,0.7298467805330101,0.6319959673587504,0.6081854617268879,0.6614447435506077,0,31.984168328778495,24.899435764713743,3.937557693241996,0.0009433351147387002,0.0004898864758943465
"unsw","next_flip_hgb_stable","f1_macro",0.46119647062240965,0.015824643328047314,0.0006832746966719538,0.6893471959060066,0.5326107453949257,0.4740909078871384,0.5326107453949257,0.46119647062240965,0.7298132650879517,0.6320059271773665,0.6080611280083569,0.6594112530748193,0.0004923682914820286,37.514051872759666,0.675710455605485,3.580972971222206,0.0004574972874054641,0.00017004323956663266
"unsw","any_future_hgb","f1_macro",0.4543591125437321,0.009003628807716331,-0.006154083382005515,0.6895820175225511,0.5202164110702744,0.471468118018236,0.5202164110702744,0.4543591125437321,0.7298143059545454,0.631964710074196,0.608193465633497,0.6653415140069182,0,46.60453372249356,0.9393438824652804,2.9947893893018516,0.0009230918719331486,0.0006558810668998689
"unsw","correctness_delta_hgb","f1_macro",0.45397977393963124,0.009178470848593781,-0.0065334219861064025,0.6896346499538454,0.5197525004750942,0.47105252093548283,0.5197525004750942,0.45397977393963124,0.7297719958508835,0.632028909908984,0.6082595085085946,0.6642677950854801,0,46.48191251827675,0.738255469974106,3.0026963999416996,0.0009352378176164796,0.0006963675525109718